clave,campo,texto,fuentes,revision_humana
"territorios","title","Relacionar los territorios digestivos con celíaco, AMS y AMI y sus conexiones arteriales","arterias","APROBADO POR PROPIETARIO (alcance general del expediente)"
"territorios","misconception.territorios-error","Confundir el territorio de la AMS con el de la AMI o considerar aislados los territorios digestivos.","arterias","APROBADO POR PROPIETARIO (alcance general del expediente)"
"retorno","title","Diferenciar el retorno cava y las asimetrías renales, suprarrenales y gonadales","cava","APROBADO POR PROPIETARIO (alcance general del expediente)"
"retorno","misconception.retorno-error","Suponer que las venas gonadales y suprarrenales izquierdas desembocan directamente en VCI como las derechas.","cava","APROBADO POR PROPIETARIO (alcance general del expediente)"
"circuito","title","Ordenar el circuito porta desde sus raíces hasta la salida hepática y relacionar su tríada","porta","APROBADO POR PROPIETARIO (alcance general del expediente)"
"circuito","misconception.circuito-error","Confundir la vena porta que entra al hígado con las venas hepáticas que salen de él hacia VCI.","porta","APROBADO POR PROPIETARIO (alcance general del expediente)"
"puentes","title","Diferenciar vías intercavas y portosistémicas según sus extremos anatómicos","colaterales","APROBADO POR PROPIETARIO (alcance general del expediente)"
"puentes","misconception.puentes-error","Clasificar una conexión sistémica–sistémica como portal por estar en el abdomen, o deducir hipertensión portal solo de hemorroides.","colaterales","APROBADO POR PROPIETARIO (alcance general del expediente)"
"territorios-explicar","prompt","Lee y reconstruye la relación anatómica.","arterias","APROBADO POR PROPIETARIO (alcance general del expediente)"
"territorios-explicar","feedback.explanation","La aorta abdominal comienza al atravesar el hiato aórtico, aproximadamente T12, y se bifurca en ilíacas comunes habitualmente en L4. El tronco celíaco da gástrica izquierda, hepática común y esplénica. La AMS irriga yeyuno, íleon y colon derecho, además de contribuir al duodeno y páncreas. La AMI irriga el sector izquierdo del colon y recto superior; origina cólica izquierda y sigmoideas y continúa como rectal superior. Los territorios se conectan: arcadas pancreaticoduodenales entre celíaco y AMS y arteria marginal entre AMS y AMI. Son patrones generales, con variaciones individuales.","arterias","APROBADO POR PROPIETARIO (alcance general del expediente)"
"territorios-explicar","feedback.commonError","Confundir el territorio de la AMS con el de la AMI o considerar aislados los territorios digestivos.","arterias","APROBADO POR PROPIETARIO (alcance general del expediente)"
"territorios-explicar","body","La aorta abdominal comienza al atravesar el hiato aórtico, aproximadamente T12, y se bifurca en ilíacas comunes habitualmente en L4. El tronco celíaco da gástrica izquierda, hepática común y esplénica. La AMS irriga yeyuno, íleon y colon derecho, además de contribuir al duodeno y páncreas. La AMI irriga el sector izquierdo del colon y recto superior; origina cólica izquierda y sigmoideas y continúa como rectal superior. Los territorios se conectan: arcadas pancreaticoduodenales entre celíaco y AMS y arteria marginal entre AMS y AMI. Son patrones generales, con variaciones individuales.","arterias","APROBADO POR PROPIETARIO (alcance general del expediente)"
"territorios-ejemplo","prompt","Lee y reconstruye la relación anatómica.","arterias","APROBADO POR PROPIETARIO (alcance general del expediente)"
"territorios-ejemplo","feedback.explanation","Ejemplo resuelto: para relacionar el colon sigmoide con su eje arterial, localiza primero el territorio izquierdo distal. Corresponde a AMI; sus ramas sigmoideas llegan a ese segmento. No elijas AMS solo porque ambas son mesentéricas.","arterias","APROBADO POR PROPIETARIO (alcance general del expediente)"
"territorios-ejemplo","feedback.commonError","Confundir el territorio de la AMS con el de la AMI o considerar aislados los territorios digestivos.","arterias","APROBADO POR PROPIETARIO (alcance general del expediente)"
"territorios-ejemplo","body","Ejemplo resuelto: para relacionar el colon sigmoide con su eje arterial, localiza primero el territorio izquierdo distal. Corresponde a AMI; sus ramas sigmoideas llegan a ese segmento. No elijas AMS solo porque ambas son mesentéricas.","arterias","APROBADO POR PROPIETARIO (alcance general del expediente)"
"territorios-parcial","prompt","Completa mentalmente el paso que falta y después comprueba tu razonamiento.","arterias","APROBADO POR PROPIETARIO (alcance general del expediente)"
"territorios-parcial","feedback.explanation","Ejemplo parcial: el yeyuno pertenece al intestino delgado irrigado por la ___. Completa antes de mirar: AMS. Ahora explica por qué elegir AMI confundiría ese territorio con colon izquierdo y recto superior.","arterias","APROBADO POR PROPIETARIO (alcance general del expediente)"
"territorios-parcial","feedback.commonError","Confundir el territorio de la AMS con el de la AMI o considerar aislados los territorios digestivos.","arterias","APROBADO POR PROPIETARIO (alcance general del expediente)"
"territorios-parcial","body","Ejemplo parcial: el yeyuno pertenece al intestino delgado irrigado por la ___. Completa antes de mirar: AMS. Ahora explica por qué elegir AMI confundiría ese territorio con colon izquierdo y recto superior.","arterias","APROBADO POR PROPIETARIO (alcance general del expediente)"
"territorios-recuperar","prompt","¿Qué arteria constituye el eje de irrigación del yeyuno y el íleon?","arterias","APROBADO POR PROPIETARIO (alcance general del expediente)"
"territorios-recuperar","feedback.explanation","La AMS irriga yeyuno e íleon. La AMI corresponde principalmente al colon izquierdo y recto superior; la gástrica izquierda pertenece al territorio celíaco del estómago.","arterias","APROBADO POR PROPIETARIO (alcance general del expediente)"
"territorios-recuperar","feedback.commonError","Confundir el territorio de la AMS con el de la AMI o considerar aislados los territorios digestivos.","arterias","APROBADO POR PROPIETARIO (alcance general del expediente)"
"territorios-recuperar","option.op-1.distractor","Arteria mesentérica inferior","arterias","APROBADO POR PROPIETARIO (alcance general del expediente)"
"territorios-recuperar","option.op-2.correct","Arteria mesentérica superior","arterias","APROBADO POR PROPIETARIO (alcance general del expediente)"
"territorios-recuperar","option.op-3.distractor","Arteria gástrica izquierda","arterias","APROBADO POR PROPIETARIO (alcance general del expediente)"
"territorios-recuperar","distractorFeedback.op-1","La AMS irriga yeyuno e íleon. La AMI corresponde principalmente al colon izquierdo y recto superior; la gástrica izquierda pertenece al territorio celíaco del estómago.","arterias","APROBADO POR PROPIETARIO (alcance general del expediente)"
"territorios-recuperar","distractorFeedback.op-3","La AMS irriga yeyuno e íleon. La AMI corresponde principalmente al colon izquierdo y recto superior; la gástrica izquierda pertenece al territorio celíaco del estómago.","arterias","APROBADO POR PROPIETARIO (alcance general del expediente)"
"territorios-producir","prompt","¿Cómo se llama la rama terminal de la AMI que desciende hacia el recto superior?","arterias","APROBADO POR PROPIETARIO (alcance general del expediente)"
"territorios-producir","feedback.explanation","La AMI continúa como arteria rectal superior después de dar ramas cólicas y sigmoideas.","arterias","APROBADO POR PROPIETARIO (alcance general del expediente)"
"territorios-producir","feedback.commonError","Confundir el territorio de la AMS con el de la AMI o considerar aislados los territorios digestivos.","arterias","APROBADO POR PROPIETARIO (alcance general del expediente)"
"territorios-producir","modelAnswer","Arteria rectal superior","arterias","APROBADO POR PROPIETARIO (alcance general del expediente)"
"territorios-producir","acceptedAnswer.0","arteria rectal superior","arterias","APROBADO POR PROPIETARIO (alcance general del expediente)"
"territorios-producir","acceptedAnswer.1","rectal superior","arterias","APROBADO POR PROPIETARIO (alcance general del expediente)"
"territorios-elaborar","prompt","Explica por qué una división en tres territorios digestivos no significa que existan tres redes arteriales completamente aisladas. Nombra una conexión de cada límite.","arterias","APROBADO POR PROPIETARIO (alcance general del expediente)"
"territorios-elaborar","feedback.explanation","Las ramas de territorios vecinos se anastomosan. Las arcadas pancreaticoduodenales conectan el sistema celíaco con AMS; la arteria marginal conecta ramas cólicas de AMS y AMI. La división territorial describe predominio de irrigación, no aislamiento absoluto.","arterias","APROBADO POR PROPIETARIO (alcance general del expediente)"
"territorios-elaborar","feedback.commonError","Confundir el territorio de la AMS con el de la AMI o considerar aislados los territorios digestivos.","arterias","APROBADO POR PROPIETARIO (alcance general del expediente)"
"territorios-elaborar","modelAnswer","Las ramas de territorios vecinos se anastomosan. Las arcadas pancreaticoduodenales conectan el sistema celíaco con AMS; la arteria marginal conecta ramas cólicas de AMS y AMI. La división territorial describe predominio de irrigación, no aislamiento absoluto.","arterias","APROBADO POR PROPIETARIO (alcance general del expediente)"
"territorios-elaborar","rubric.criterio-1.criterion","Nombra el puente celíaco–AMS","arterias","APROBADO POR PROPIETARIO (alcance general del expediente)"
"territorios-elaborar","rubric.criterio-1.example","Arcadas pancreaticoduodenales","arterias","APROBADO POR PROPIETARIO (alcance general del expediente)"
"territorios-elaborar","rubric.criterio-2.criterion","Nombra el puente AMS–AMI","arterias","APROBADO POR PROPIETARIO (alcance general del expediente)"
"territorios-elaborar","rubric.criterio-2.example","Arteria marginal del colon","arterias","APROBADO POR PROPIETARIO (alcance general del expediente)"
"territorios-elaborar","rubric.criterio-3.criterion","Explica la continuidad","arterias","APROBADO POR PROPIETARIO (alcance general del expediente)"
"territorios-elaborar","rubric.criterio-3.example","La anastomosis comunica territorios vecinos","arterias","APROBADO POR PROPIETARIO (alcance general del expediente)"
"territorios-aplicar","prompt","En una descripción anatómica del bazo se sigue una arteria tortuosa por el borde superior del páncreas. ¿Cuál es y a qué tronco pertenece en el patrón frecuente?","arterias","APROBADO POR PROPIETARIO (alcance general del expediente)"
"territorios-aplicar","feedback.explanation","La arteria esplénica sigue el borde superior pancreático y nace habitualmente del tronco celíaco. Las ramas cólica izquierda e ileocólica corresponden a territorios intestinales diferentes.","arterias","APROBADO POR PROPIETARIO (alcance general del expediente)"
"territorios-aplicar","feedback.commonError","Confundir el territorio de la AMS con el de la AMI o considerar aislados los territorios digestivos.","arterias","APROBADO POR PROPIETARIO (alcance general del expediente)"
"territorios-aplicar","option.op-1.correct","Esplénica, del tronco celíaco","arterias","APROBADO POR PROPIETARIO (alcance general del expediente)"
"territorios-aplicar","option.op-2.distractor","Cólica izquierda, de AMI","arterias","APROBADO POR PROPIETARIO (alcance general del expediente)"
"territorios-aplicar","option.op-3.distractor","Ileocólica, de AMS","arterias","APROBADO POR PROPIETARIO (alcance general del expediente)"
"territorios-aplicar","distractorFeedback.op-2","La arteria esplénica sigue el borde superior pancreático y nace habitualmente del tronco celíaco. Las ramas cólica izquierda e ileocólica corresponden a territorios intestinales diferentes.","arterias","APROBADO POR PROPIETARIO (alcance general del expediente)"
"territorios-aplicar","distractorFeedback.op-3","La arteria esplénica sigue el borde superior pancreático y nace habitualmente del tronco celíaco. Las ramas cólica izquierda e ileocólica corresponden a territorios intestinales diferentes.","arterias","APROBADO POR PROPIETARIO (alcance general del expediente)"
"territorios-comprobar","prompt","¿Cuál de estas ramas pertenece a AMI y se dirige al colon descendente y flexura izquierda?","arterias","APROBADO POR PROPIETARIO (alcance general del expediente)"
"territorios-comprobar","feedback.explanation","La cólica izquierda es rama de AMI. La gástrica izquierda procede del celíaco y la pancreaticoduodenal inferior de AMS.","arterias","APROBADO POR PROPIETARIO (alcance general del expediente)"
"territorios-comprobar","feedback.commonError","Confundir el territorio de la AMS con el de la AMI o considerar aislados los territorios digestivos.","arterias","APROBADO POR PROPIETARIO (alcance general del expediente)"
"territorios-comprobar","option.op-1.distractor","Gástrica izquierda","arterias","APROBADO POR PROPIETARIO (alcance general del expediente)"
"territorios-comprobar","option.op-2.distractor","Pancreaticoduodenal inferior","arterias","APROBADO POR PROPIETARIO (alcance general del expediente)"
"territorios-comprobar","option.op-3.correct","Cólica izquierda","arterias","APROBADO POR PROPIETARIO (alcance general del expediente)"
"territorios-comprobar","distractorFeedback.op-1","La cólica izquierda es rama de AMI. La gástrica izquierda procede del celíaco y la pancreaticoduodenal inferior de AMS.","arterias","APROBADO POR PROPIETARIO (alcance general del expediente)"
"territorios-comprobar","distractorFeedback.op-2","La cólica izquierda es rama de AMI. La gástrica izquierda procede del celíaco y la pancreaticoduodenal inferior de AMS.","arterias","APROBADO POR PROPIETARIO (alcance general del expediente)"
"territorios-transferir","prompt","Una tabla propone «arcadas pancreaticoduodenales: celíaco–AMS» y «arteria marginal: AMS–AMI». ¿Cómo debe calificarse?","arterias","APROBADO POR PROPIETARIO (alcance general del expediente)"
"territorios-transferir","feedback.explanation","Las arcadas pancreaticoduodenales comunican celíaco con AMS. La marginal establece continuidad entre ramas cólicas de AMS y AMI.","arterias","APROBADO POR PROPIETARIO (alcance general del expediente)"
"territorios-transferir","feedback.commonError","Confundir el territorio de la AMS con el de la AMI o considerar aislados los territorios digestivos.","arterias","APROBADO POR PROPIETARIO (alcance general del expediente)"
"territorios-transferir","option.op-1.distractor","Ambas relaciones están invertidas","arterias","APROBADO POR PROPIETARIO (alcance general del expediente)"
"territorios-transferir","option.op-2.correct","Ambas relaciones son correctas","arterias","APROBADO POR PROPIETARIO (alcance general del expediente)"
"territorios-transferir","option.op-3.distractor","Solo la arteria marginal comunica celíaco y AMS","arterias","APROBADO POR PROPIETARIO (alcance general del expediente)"
"territorios-transferir","distractorFeedback.op-1","Las arcadas pancreaticoduodenales comunican celíaco con AMS. La marginal establece continuidad entre ramas cólicas de AMS y AMI.","arterias","APROBADO POR PROPIETARIO (alcance general del expediente)"
"territorios-transferir","distractorFeedback.op-3","Las arcadas pancreaticoduodenales comunican celíaco con AMS. La marginal establece continuidad entre ramas cólicas de AMS y AMI.","arterias","APROBADO POR PROPIETARIO (alcance general del expediente)"
"territorios-remediar","prompt","Revisa la confusión y vuelve a comprobar con una pregunta diferente.","arterias","APROBADO POR PROPIETARIO (alcance general del expediente)"
"territorios-remediar","feedback.explanation","Separa territorio de nombre: AMS → yeyuno, íleon y colon derecho; AMI → colon izquierdo, sigmoide y recto superior. Las arcadas pancreaticoduodenales unen celíaco con AMS; la marginal une AMS con AMI. Comprueba luego con la pregunta sobre cólica izquierda, distinta de la pregunta inicial.","arterias","APROBADO POR PROPIETARIO (alcance general del expediente)"
"territorios-remediar","feedback.commonError","Confundir el territorio de la AMS con el de la AMI o considerar aislados los territorios digestivos.","arterias","APROBADO POR PROPIETARIO (alcance general del expediente)"
"territorios-remediar","body","Separa territorio de nombre: AMS → yeyuno, íleon y colon derecho; AMI → colon izquierdo, sigmoide y recto superior. Las arcadas pancreaticoduodenales unen celíaco con AMS; la marginal une AMS con AMI. Comprueba luego con la pregunta sobre cólica izquierda, distinta de la pregunta inicial.","arterias","APROBADO POR PROPIETARIO (alcance general del expediente)"
"territorios-final","prompt","Un informe limita una región de estudio al colon sigmoide y recto superior. ¿Qué eje arterial explica conjuntamente esos dos territorios?","arterias","APROBADO POR PROPIETARIO (alcance general del expediente)"
"territorios-final","feedback.explanation","AMI origina las sigmoideas y continúa como rectal superior. El celíaco y la AMS no son el eje principal de ese conjunto distal.","arterias","APROBADO POR PROPIETARIO (alcance general del expediente)"
"territorios-final","feedback.commonError","Confundir el territorio de la AMS con el de la AMI o considerar aislados los territorios digestivos.","arterias","APROBADO POR PROPIETARIO (alcance general del expediente)"
"territorios-final","option.op-1.distractor","Tronco celíaco","arterias","APROBADO POR PROPIETARIO (alcance general del expediente)"
"territorios-final","option.op-2.distractor","AMS exclusivamente","arterias","APROBADO POR PROPIETARIO (alcance general del expediente)"
"territorios-final","option.op-3.correct","AMI","arterias","APROBADO POR PROPIETARIO (alcance general del expediente)"
"territorios-final","distractorFeedback.op-1","AMI origina las sigmoideas y continúa como rectal superior. El celíaco y la AMS no son el eje principal de ese conjunto distal.","arterias","APROBADO POR PROPIETARIO (alcance general del expediente)"
"territorios-final","distractorFeedback.op-2","AMI origina las sigmoideas y continúa como rectal superior. El celíaco y la AMS no son el eje principal de ese conjunto distal.","arterias","APROBADO POR PROPIETARIO (alcance general del expediente)"
"territorios-retention7","prompt","En un repaso diferido, un compañero sitúa la bifurcación aórtica en L5 porque allí se forma la VCI. ¿Qué corrección respeta el patrón habitual de la guía?","arterias|cava","APROBADO POR PROPIETARIO (alcance general del expediente)"
"territorios-retention7","feedback.explanation","La aorta abdominal se bifurca habitualmente en L4. T8 corresponde al paso diafragmático de la cava; los niveles aórtico y cava no deben intercambiarse.","arterias|cava","APROBADO POR PROPIETARIO (alcance general del expediente)"
"territorios-retention7","feedback.commonError","Confundir el territorio de la AMS con el de la AMI o considerar aislados los territorios digestivos.","arterias|cava","APROBADO POR PROPIETARIO (alcance general del expediente)"
"territorios-retention7","option.op-1.correct","Aorta en L4; no confundir con la formación cava en L5","arterias|cava","APROBADO POR PROPIETARIO (alcance general del expediente)"
"territorios-retention7","option.op-2.distractor","Aorta en T8","arterias|cava","APROBADO POR PROPIETARIO (alcance general del expediente)"
"territorios-retention7","option.op-3.distractor","Aorta y VCI comienzan siempre en el mismo nivel","arterias|cava","APROBADO POR PROPIETARIO (alcance general del expediente)"
"territorios-retention7","distractorFeedback.op-2","La aorta abdominal se bifurca habitualmente en L4. T8 corresponde al paso diafragmático de la cava; los niveles aórtico y cava no deben intercambiarse.","arterias|cava","APROBADO POR PROPIETARIO (alcance general del expediente)"
"territorios-retention7","distractorFeedback.op-3","La aorta abdominal se bifurca habitualmente en L4. T8 corresponde al paso diafragmático de la cava; los niveles aórtico y cava no deben intercambiarse.","arterias|cava","APROBADO POR PROPIETARIO (alcance general del expediente)"
"territorios-retention30","prompt","Se estudia un segmento del colon transverso próximo al límite entre territorios mesentéricos. ¿Qué red explica una continuidad arterial entre ambos ejes?","arterias","APROBADO POR PROPIETARIO (alcance general del expediente)"
"territorios-retention30","feedback.explanation","La arteria marginal conecta ramas cólicas de AMS y AMI. La porta es venosa; la esplénica pertenece al sistema celíaco y no constituye esa conexión cólica.","arterias","APROBADO POR PROPIETARIO (alcance general del expediente)"
"territorios-retention30","feedback.commonError","Confundir el territorio de la AMS con el de la AMI o considerar aislados los territorios digestivos.","arterias","APROBADO POR PROPIETARIO (alcance general del expediente)"
"territorios-retention30","option.op-1.distractor","Vena porta","arterias","APROBADO POR PROPIETARIO (alcance general del expediente)"
"territorios-retention30","option.op-2.correct","Arteria marginal del colon","arterias","APROBADO POR PROPIETARIO (alcance general del expediente)"
"territorios-retention30","option.op-3.distractor","Arteria esplénica exclusivamente","arterias","APROBADO POR PROPIETARIO (alcance general del expediente)"
"territorios-retention30","distractorFeedback.op-1","La arteria marginal conecta ramas cólicas de AMS y AMI. La porta es venosa; la esplénica pertenece al sistema celíaco y no constituye esa conexión cólica.","arterias","APROBADO POR PROPIETARIO (alcance general del expediente)"
"territorios-retention30","distractorFeedback.op-3","La arteria marginal conecta ramas cólicas de AMS y AMI. La porta es venosa; la esplénica pertenece al sistema celíaco y no constituye esa conexión cólica.","arterias","APROBADO POR PROPIETARIO (alcance general del expediente)"
"retorno-explicar","prompt","Lee y reconstruye la relación anatómica.","cava","APROBADO POR PROPIETARIO (alcance general del expediente)"
"retorno-explicar","feedback.explanation","La VCI se forma por las ilíacas comunes aproximadamente en L5, asciende a la derecha de la aorta y pasa por el centro tendinoso diafragmático en T8 hacia el atrio derecho. Las venas renales desembocan en VCI. Las gonadal y suprarrenal derechas suelen hacerlo directamente; las izquierdas suelen usar la renal izquierda como intermediaria. La renal izquierda cruza anterior a la aorta y posterior a AMS. Las venas hepáticas desembocan en VCI después del paso de sangre por el hígado; la mayor parte del retorno digestivo llega antes al sistema porta.","cava","APROBADO POR PROPIETARIO (alcance general del expediente)"
"retorno-explicar","feedback.commonError","Suponer que las venas gonadales y suprarrenales izquierdas desembocan directamente en VCI como las derechas.","cava","APROBADO POR PROPIETARIO (alcance general del expediente)"
"retorno-explicar","body","La VCI se forma por las ilíacas comunes aproximadamente en L5, asciende a la derecha de la aorta y pasa por el centro tendinoso diafragmático en T8 hacia el atrio derecho. Las venas renales desembocan en VCI. Las gonadal y suprarrenal derechas suelen hacerlo directamente; las izquierdas suelen usar la renal izquierda como intermediaria. La renal izquierda cruza anterior a la aorta y posterior a AMS. Las venas hepáticas desembocan en VCI después del paso de sangre por el hígado; la mayor parte del retorno digestivo llega antes al sistema porta.","cava","APROBADO POR PROPIETARIO (alcance general del expediente)"
"retorno-ejemplo","prompt","Lee y reconstruye la relación anatómica.","cava","APROBADO POR PROPIETARIO (alcance general del expediente)"
"retorno-ejemplo","feedback.explanation","Ejemplo resuelto: sigue la sangre de la gónada izquierda. Primero entra en la vena gonadal izquierda, después en renal izquierda y luego VCI. En el lado derecho la gonadal suele desembocar directamente en VCI. La lateralidad cambia el intermediario, no el destino sistémico final.","cava","APROBADO POR PROPIETARIO (alcance general del expediente)"
"retorno-ejemplo","feedback.commonError","Suponer que las venas gonadales y suprarrenales izquierdas desembocan directamente en VCI como las derechas.","cava","APROBADO POR PROPIETARIO (alcance general del expediente)"
"retorno-ejemplo","body","Ejemplo resuelto: sigue la sangre de la gónada izquierda. Primero entra en la vena gonadal izquierda, después en renal izquierda y luego VCI. En el lado derecho la gonadal suele desembocar directamente en VCI. La lateralidad cambia el intermediario, no el destino sistémico final.","cava","APROBADO POR PROPIETARIO (alcance general del expediente)"
"retorno-parcial","prompt","Completa mentalmente el paso que falta y después comprueba tu razonamiento.","cava","APROBADO POR PROPIETARIO (alcance general del expediente)"
"retorno-parcial","feedback.explanation","Completa: suprarrenal izquierda → vena suprarrenal izquierda → ___ → VCI. Respuesta: vena renal izquierda. Compárala con la suprarrenal derecha, que suele drenar directamente a VCI.","cava","APROBADO POR PROPIETARIO (alcance general del expediente)"
"retorno-parcial","feedback.commonError","Suponer que las venas gonadales y suprarrenales izquierdas desembocan directamente en VCI como las derechas.","cava","APROBADO POR PROPIETARIO (alcance general del expediente)"
"retorno-parcial","body","Completa: suprarrenal izquierda → vena suprarrenal izquierda → ___ → VCI. Respuesta: vena renal izquierda. Compárala con la suprarrenal derecha, que suele drenar directamente a VCI.","cava","APROBADO POR PROPIETARIO (alcance general del expediente)"
"retorno-recuperar","prompt","¿Cuál es la desembocadura habitual inmediata de la vena gonadal izquierda?","cava","APROBADO POR PROPIETARIO (alcance general del expediente)"
"retorno-recuperar","feedback.explanation","La gonadal izquierda suele terminar en renal izquierda; esta llega a VCI. La desembocadura directa en cava corresponde al patrón derecho; la porta no pertenece a esa vía.","cava","APROBADO POR PROPIETARIO (alcance general del expediente)"
"retorno-recuperar","feedback.commonError","Suponer que las venas gonadales y suprarrenales izquierdas desembocan directamente en VCI como las derechas.","cava","APROBADO POR PROPIETARIO (alcance general del expediente)"
"retorno-recuperar","option.op-1.distractor","VCI directamente","cava","APROBADO POR PROPIETARIO (alcance general del expediente)"
"retorno-recuperar","option.op-2.correct","Vena renal izquierda","cava","APROBADO POR PROPIETARIO (alcance general del expediente)"
"retorno-recuperar","option.op-3.distractor","Vena porta","cava","APROBADO POR PROPIETARIO (alcance general del expediente)"
"retorno-recuperar","distractorFeedback.op-1","La gonadal izquierda suele terminar en renal izquierda; esta llega a VCI. La desembocadura directa en cava corresponde al patrón derecho; la porta no pertenece a esa vía.","cava","APROBADO POR PROPIETARIO (alcance general del expediente)"
"retorno-recuperar","distractorFeedback.op-3","La gonadal izquierda suele terminar en renal izquierda; esta llega a VCI. La desembocadura directa en cava corresponde al patrón derecho; la porta no pertenece a esa vía.","cava","APROBADO POR PROPIETARIO (alcance general del expediente)"
"retorno-producir","prompt","¿A qué nivel vertebral aproximado atraviesa el diafragma la VCI? Responde con letra y número.","cava","APROBADO POR PROPIETARIO (alcance general del expediente)"
"retorno-producir","feedback.explanation","La VCI pasa por el foramen de la cava en el centro tendinoso a nivel aproximado T8. No es el hiato aórtico de T12.","cava","APROBADO POR PROPIETARIO (alcance general del expediente)"
"retorno-producir","feedback.commonError","Suponer que las venas gonadales y suprarrenales izquierdas desembocan directamente en VCI como las derechas.","cava","APROBADO POR PROPIETARIO (alcance general del expediente)"
"retorno-producir","modelAnswer","T8","cava","APROBADO POR PROPIETARIO (alcance general del expediente)"
"retorno-producir","acceptedAnswer.0","t8","cava","APROBADO POR PROPIETARIO (alcance general del expediente)"
"retorno-producir","acceptedAnswer.1","t 8","cava","APROBADO POR PROPIETARIO (alcance general del expediente)"
"retorno-producir","acceptedAnswer.2","t-8","cava","APROBADO POR PROPIETARIO (alcance general del expediente)"
"retorno-elaborar","prompt","Compara el retorno de una gónada derecha y una izquierda. Explica cuál usa normalmente una vena renal intermedia y por qué no debes copiar simétricamente el esquema derecho.","cava","APROBADO POR PROPIETARIO (alcance general del expediente)"
"retorno-elaborar","feedback.explanation","La gonadal derecha desemboca habitualmente en VCI; la izquierda en renal izquierda y luego VCI. La cava está a la derecha de la aorta y existe una organización asimétrica del drenaje. Ambas vías son sistémicas, aunque difieran en el intermediario.","cava","APROBADO POR PROPIETARIO (alcance general del expediente)"
"retorno-elaborar","feedback.commonError","Suponer que las venas gonadales y suprarrenales izquierdas desembocan directamente en VCI como las derechas.","cava","APROBADO POR PROPIETARIO (alcance general del expediente)"
"retorno-elaborar","modelAnswer","La gonadal derecha desemboca habitualmente en VCI; la izquierda en renal izquierda y luego VCI. La cava está a la derecha de la aorta y existe una organización asimétrica del drenaje. Ambas vías son sistémicas, aunque difieran en el intermediario.","cava","APROBADO POR PROPIETARIO (alcance general del expediente)"
"retorno-elaborar","rubric.criterio-1.criterion","Describe la derecha","cava","APROBADO POR PROPIETARIO (alcance general del expediente)"
"retorno-elaborar","rubric.criterio-1.example","Gonadal derecha → VCI","cava","APROBADO POR PROPIETARIO (alcance general del expediente)"
"retorno-elaborar","rubric.criterio-2.criterion","Describe la izquierda","cava","APROBADO POR PROPIETARIO (alcance general del expediente)"
"retorno-elaborar","rubric.criterio-2.example","Gonadal izquierda → renal izquierda → VCI","cava","APROBADO POR PROPIETARIO (alcance general del expediente)"
"retorno-elaborar","rubric.criterio-3.criterion","Reconoce la asimetría","cava","APROBADO POR PROPIETARIO (alcance general del expediente)"
"retorno-elaborar","rubric.criterio-3.example","La VCI se sitúa a la derecha","cava","APROBADO POR PROPIETARIO (alcance general del expediente)"
"retorno-aplicar","prompt","En un esquema del abdomen se sigue una vena que cruza delante de la aorta y detrás de AMS antes de llegar a VCI. ¿Cuál es?","cava","APROBADO POR PROPIETARIO (alcance general del expediente)"
"retorno-aplicar","feedback.explanation","La renal izquierda cruza la pinza aortomesentérica. Las venas hepática derecha y gonadal derecha no tienen ese trayecto descrito.","cava","APROBADO POR PROPIETARIO (alcance general del expediente)"
"retorno-aplicar","feedback.commonError","Suponer que las venas gonadales y suprarrenales izquierdas desembocan directamente en VCI como las derechas.","cava","APROBADO POR PROPIETARIO (alcance general del expediente)"
"retorno-aplicar","option.op-1.correct","Vena renal izquierda","cava","APROBADO POR PROPIETARIO (alcance general del expediente)"
"retorno-aplicar","option.op-2.distractor","Vena hepática derecha","cava","APROBADO POR PROPIETARIO (alcance general del expediente)"
"retorno-aplicar","option.op-3.distractor","Vena gonadal derecha","cava","APROBADO POR PROPIETARIO (alcance general del expediente)"
"retorno-aplicar","distractorFeedback.op-2","La renal izquierda cruza la pinza aortomesentérica. Las venas hepática derecha y gonadal derecha no tienen ese trayecto descrito.","cava","APROBADO POR PROPIETARIO (alcance general del expediente)"
"retorno-aplicar","distractorFeedback.op-3","La renal izquierda cruza la pinza aortomesentérica. Las venas hepática derecha y gonadal derecha no tienen ese trayecto descrito.","cava","APROBADO POR PROPIETARIO (alcance general del expediente)"
"retorno-comprobar","prompt","¿Cuál es la vía habitual de la vena suprarrenal izquierda?","cava","APROBADO POR PROPIETARIO (alcance general del expediente)"
"retorno-comprobar","feedback.explanation","La suprarrenal izquierda llega a renal izquierda; la suprarrenal derecha suele desembocar directamente en VCI. El drenaje no es portal ni directo al atrio.","cava","APROBADO POR PROPIETARIO (alcance general del expediente)"
"retorno-comprobar","feedback.commonError","Suponer que las venas gonadales y suprarrenales izquierdas desembocan directamente en VCI como las derechas.","cava","APROBADO POR PROPIETARIO (alcance general del expediente)"
"retorno-comprobar","option.op-1.distractor","Directamente al atrio derecho","cava","APROBADO POR PROPIETARIO (alcance general del expediente)"
"retorno-comprobar","option.op-2.distractor","Directamente a porta","cava","APROBADO POR PROPIETARIO (alcance general del expediente)"
"retorno-comprobar","option.op-3.correct","Renal izquierda y después VCI","cava","APROBADO POR PROPIETARIO (alcance general del expediente)"
"retorno-comprobar","distractorFeedback.op-1","La suprarrenal izquierda llega a renal izquierda; la suprarrenal derecha suele desembocar directamente en VCI. El drenaje no es portal ni directo al atrio.","cava","APROBADO POR PROPIETARIO (alcance general del expediente)"
"retorno-comprobar","distractorFeedback.op-2","La suprarrenal izquierda llega a renal izquierda; la suprarrenal derecha suele desembocar directamente en VCI. El drenaje no es portal ni directo al atrio.","cava","APROBADO POR PROPIETARIO (alcance general del expediente)"
"retorno-transferir","prompt","Una tabla describe la VCI: «origen: unión de ilíacas comunes en L5; salida diafragmática: centro tendinoso en T8». ¿Qué evaluación corresponde?","cava","APROBADO POR PROPIETARIO (alcance general del expediente)"
"retorno-transferir","feedback.explanation","Ilíacas comunes en L5 y foramen cava en T8 corresponden a VCI. La unión VMS–esplénica forma porta; el hiato aórtico pertenece a la aorta.","cava","APROBADO POR PROPIETARIO (alcance general del expediente)"
"retorno-transferir","feedback.commonError","Suponer que las venas gonadales y suprarrenales izquierdas desembocan directamente en VCI como las derechas.","cava","APROBADO POR PROPIETARIO (alcance general del expediente)"
"retorno-transferir","option.op-1.distractor","El origen debe ser la unión de VMS y esplénica","cava","APROBADO POR PROPIETARIO (alcance general del expediente)"
"retorno-transferir","option.op-2.correct","Ambas celdas describen el patrón cava habitual","cava","APROBADO POR PROPIETARIO (alcance general del expediente)"
"retorno-transferir","option.op-3.distractor","La salida debe estar en el hiato aórtico","cava","APROBADO POR PROPIETARIO (alcance general del expediente)"
"retorno-transferir","distractorFeedback.op-1","Ilíacas comunes en L5 y foramen cava en T8 corresponden a VCI. La unión VMS–esplénica forma porta; el hiato aórtico pertenece a la aorta.","cava","APROBADO POR PROPIETARIO (alcance general del expediente)"
"retorno-transferir","distractorFeedback.op-3","Ilíacas comunes en L5 y foramen cava en T8 corresponden a VCI. La unión VMS–esplénica forma porta; el hiato aórtico pertenece a la aorta.","cava","APROBADO POR PROPIETARIO (alcance general del expediente)"
"retorno-remediar","prompt","Revisa la confusión y vuelve a comprobar con una pregunta diferente.","cava","APROBADO POR PROPIETARIO (alcance general del expediente)"
"retorno-remediar","feedback.explanation","No copies derecha a izquierda. Derechas gonadal/suprarrenal → VCI; izquierdas gonadal/suprarrenal → renal izquierda → VCI. Para comprobarlo ahora usa el drenaje suprarrenal, no repitas únicamente el ejemplo gonadal.","cava","APROBADO POR PROPIETARIO (alcance general del expediente)"
"retorno-remediar","feedback.commonError","Suponer que las venas gonadales y suprarrenales izquierdas desembocan directamente en VCI como las derechas.","cava","APROBADO POR PROPIETARIO (alcance general del expediente)"
"retorno-remediar","body","No copies derecha a izquierda. Derechas gonadal/suprarrenal → VCI; izquierdas gonadal/suprarrenal → renal izquierda → VCI. Para comprobarlo ahora usa el drenaje suprarrenal, no repitas únicamente el ejemplo gonadal.","cava","APROBADO POR PROPIETARIO (alcance general del expediente)"
"retorno-final","prompt","Un trazado de retorno hepático ya ha atravesado sinusoides y venas colectoras. ¿Por qué vaso alcanza después la circulación cava?","cava","APROBADO POR PROPIETARIO (alcance general del expediente)"
"retorno-final","feedback.explanation","Las venas hepáticas desembocan en VCI. La porta es la vía de entrada portal al hígado y la arteria hepática una entrada arterial, no la salida venosa cava.","cava","APROBADO POR PROPIETARIO (alcance general del expediente)"
"retorno-final","feedback.commonError","Suponer que las venas gonadales y suprarrenales izquierdas desembocan directamente en VCI como las derechas.","cava","APROBADO POR PROPIETARIO (alcance general del expediente)"
"retorno-final","option.op-1.correct","Venas hepáticas hacia VCI","cava","APROBADO POR PROPIETARIO (alcance general del expediente)"
"retorno-final","option.op-2.distractor","Porta hacia VCI sin pasar por venas hepáticas","cava","APROBADO POR PROPIETARIO (alcance general del expediente)"
"retorno-final","option.op-3.distractor","Arteria hepática hacia VCI","cava","APROBADO POR PROPIETARIO (alcance general del expediente)"
"retorno-final","distractorFeedback.op-2","Las venas hepáticas desembocan en VCI. La porta es la vía de entrada portal al hígado y la arteria hepática una entrada arterial, no la salida venosa cava.","cava","APROBADO POR PROPIETARIO (alcance general del expediente)"
"retorno-final","distractorFeedback.op-3","Las venas hepáticas desembocan en VCI. La porta es la vía de entrada portal al hígado y la arteria hepática una entrada arterial, no la salida venosa cava.","cava","APROBADO POR PROPIETARIO (alcance general del expediente)"
"retorno-retention7","prompt","En una ficha diferida se afirma que la sangre renal debe atravesar primero el hígado como la mayor parte de la sangre digestiva. ¿Qué corrección corresponde?","cava","APROBADO POR PROPIETARIO (alcance general del expediente)"
"retorno-retention7","feedback.explanation","Las venas renales desembocan en VCI. El paso portal previo al hígado caracteriza gran parte del retorno digestivo, no el retorno renal normal.","cava","APROBADO POR PROPIETARIO (alcance general del expediente)"
"retorno-retention7","feedback.commonError","Suponer que las venas gonadales y suprarrenales izquierdas desembocan directamente en VCI como las derechas.","cava","APROBADO POR PROPIETARIO (alcance general del expediente)"
"retorno-retention7","option.op-1.distractor","Las venas renales terminan primero en la esplénica","cava","APROBADO POR PROPIETARIO (alcance general del expediente)"
"retorno-retention7","option.op-2.distractor","Los dos riñones drenan obligatoriamente a porta","cava","APROBADO POR PROPIETARIO (alcance general del expediente)"
"retorno-retention7","option.op-3.correct","Las venas renales desembocan en VCI; el retorno renal es sistémico","cava","APROBADO POR PROPIETARIO (alcance general del expediente)"
"retorno-retention7","distractorFeedback.op-1","Las venas renales desembocan en VCI. El paso portal previo al hígado caracteriza gran parte del retorno digestivo, no el retorno renal normal.","cava","APROBADO POR PROPIETARIO (alcance general del expediente)"
"retorno-retention7","distractorFeedback.op-2","Las venas renales desembocan en VCI. El paso portal previo al hígado caracteriza gran parte del retorno digestivo, no el retorno renal normal.","cava","APROBADO POR PROPIETARIO (alcance general del expediente)"
"retorno-retention30","prompt","Se comparan tres flechas: suprarrenal derecha→VCI, gonadal derecha→VCI, gonadal izquierda→renal izquierda. ¿Cuál requiere corregirse en el patrón habitual?","cava","APROBADO POR PROPIETARIO (alcance general del expediente)"
"retorno-retention30","feedback.explanation","Las tres flechas son compatibles con el patrón habitual. La izquierda utiliza renal izquierda como intermediaria; las dos derechas suelen llegar directamente a VCI.","cava","APROBADO POR PROPIETARIO (alcance general del expediente)"
"retorno-retention30","feedback.commonError","Suponer que las venas gonadales y suprarrenales izquierdas desembocan directamente en VCI como las derechas.","cava","APROBADO POR PROPIETARIO (alcance general del expediente)"
"retorno-retention30","option.op-1.distractor","Las tres","cava","APROBADO POR PROPIETARIO (alcance general del expediente)"
"retorno-retention30","option.op-2.correct","Ninguna","cava","APROBADO POR PROPIETARIO (alcance general del expediente)"
"retorno-retention30","option.op-3.distractor","Solo gonadal izquierda","cava","APROBADO POR PROPIETARIO (alcance general del expediente)"
"retorno-retention30","distractorFeedback.op-1","Las tres flechas son compatibles con el patrón habitual. La izquierda utiliza renal izquierda como intermediaria; las dos derechas suelen llegar directamente a VCI.","cava","APROBADO POR PROPIETARIO (alcance general del expediente)"
"retorno-retention30","distractorFeedback.op-3","Las tres flechas son compatibles con el patrón habitual. La izquierda utiliza renal izquierda como intermediaria; las dos derechas suelen llegar directamente a VCI.","cava","APROBADO POR PROPIETARIO (alcance general del expediente)"
"circuito-explicar","prompt","Lee y reconstruye la relación anatómica.","porta","APROBADO POR PROPIETARIO (alcance general del expediente)"
"circuito-explicar","feedback.explanation","La porta hepática se forma por VMS y esplénica detrás del cuello pancreático. La VMI suele terminar en esplénica, con variantes en VMS o confluencia. La porta pasa detrás del duodeno superior, luego por el ligamento hepatoduodenal; allí es posterior a la arteria hepática propia (anterior izquierda) y la vía biliar (anterior derecha). El circuito une dos redes capilares: capilares digestivos/esplénicos → tributarias → porta y ramas intrahepáticas → sinusoides → venas centrales/colectoras → venas hepáticas → VCI. El tramo portal entra al hígado y las venas hepáticas lo abandonan.","porta","APROBADO POR PROPIETARIO (alcance general del expediente)"
"circuito-explicar","feedback.commonError","Confundir la vena porta que entra al hígado con las venas hepáticas que salen de él hacia VCI.","porta","APROBADO POR PROPIETARIO (alcance general del expediente)"
"circuito-explicar","body","La porta hepática se forma por VMS y esplénica detrás del cuello pancreático. La VMI suele terminar en esplénica, con variantes en VMS o confluencia. La porta pasa detrás del duodeno superior, luego por el ligamento hepatoduodenal; allí es posterior a la arteria hepática propia (anterior izquierda) y la vía biliar (anterior derecha). El circuito une dos redes capilares: capilares digestivos/esplénicos → tributarias → porta y ramas intrahepáticas → sinusoides → venas centrales/colectoras → venas hepáticas → VCI. El tramo portal entra al hígado y las venas hepáticas lo abandonan.","porta","APROBADO POR PROPIETARIO (alcance general del expediente)"
"circuito-ejemplo","prompt","Lee y reconstruye la relación anatómica.","porta","APROBADO POR PROPIETARIO (alcance general del expediente)"
"circuito-ejemplo","feedback.explanation","Ejemplo resuelto: sangre del colon sigmoide → tributarias sigmoideas → VMI → habitualmente esplénica → porta → sinusoides → venas colectoras y hepáticas → VCI. La variabilidad de la desembocadura VMI no elimina el paso por porta y sinusoides.","porta","APROBADO POR PROPIETARIO (alcance general del expediente)"
"circuito-ejemplo","feedback.commonError","Confundir la vena porta que entra al hígado con las venas hepáticas que salen de él hacia VCI.","porta","APROBADO POR PROPIETARIO (alcance general del expediente)"
"circuito-ejemplo","body","Ejemplo resuelto: sangre del colon sigmoide → tributarias sigmoideas → VMI → habitualmente esplénica → porta → sinusoides → venas colectoras y hepáticas → VCI. La variabilidad de la desembocadura VMI no elimina el paso por porta y sinusoides.","porta","APROBADO POR PROPIETARIO (alcance general del expediente)"
"circuito-parcial","prompt","Completa mentalmente el paso que falta y después comprueba tu razonamiento.","porta","APROBADO POR PROPIETARIO (alcance general del expediente)"
"circuito-parcial","feedback.explanation","Completa antes de mirar: VMS + esplénica → ___ → ramas intrahepáticas → ___ → venas colectoras y hepáticas → VCI. Respuestas: vena porta; sinusoides. Son entrada portal y segunda red capilar, respectivamente.","porta","APROBADO POR PROPIETARIO (alcance general del expediente)"
"circuito-parcial","feedback.commonError","Confundir la vena porta que entra al hígado con las venas hepáticas que salen de él hacia VCI.","porta","APROBADO POR PROPIETARIO (alcance general del expediente)"
"circuito-parcial","body","Completa antes de mirar: VMS + esplénica → ___ → ramas intrahepáticas → ___ → venas colectoras y hepáticas → VCI. Respuestas: vena porta; sinusoides. Son entrada portal y segunda red capilar, respectivamente.","porta","APROBADO POR PROPIETARIO (alcance general del expediente)"
"circuito-recuperar","prompt","En el circuito normal, ¿qué diferencia hay entre porta y venas hepáticas?","porta","APROBADO POR PROPIETARIO (alcance general del expediente)"
"circuito-recuperar","feedback.explanation","La porta conduce sangre hacia los sinusoides. Las venas hepáticas drenan la sangre que los ha atravesado hacia VCI; invertirlas confunde entrada y salida.","porta","APROBADO POR PROPIETARIO (alcance general del expediente)"
"circuito-recuperar","feedback.commonError","Confundir la vena porta que entra al hígado con las venas hepáticas que salen de él hacia VCI.","porta","APROBADO POR PROPIETARIO (alcance general del expediente)"
"circuito-recuperar","option.op-1.distractor","Ambas salen directamente del intestino a VCI","porta","APROBADO POR PROPIETARIO (alcance general del expediente)"
"circuito-recuperar","option.op-2.distractor","La porta sale del hígado y las hepáticas entran","porta","APROBADO POR PROPIETARIO (alcance general del expediente)"
"circuito-recuperar","option.op-3.correct","Porta entra al hígado; hepáticas salen hacia VCI","porta","APROBADO POR PROPIETARIO (alcance general del expediente)"
"circuito-recuperar","distractorFeedback.op-1","La porta conduce sangre hacia los sinusoides. Las venas hepáticas drenan la sangre que los ha atravesado hacia VCI; invertirlas confunde entrada y salida.","porta","APROBADO POR PROPIETARIO (alcance general del expediente)"
"circuito-recuperar","distractorFeedback.op-2","La porta conduce sangre hacia los sinusoides. Las venas hepáticas drenan la sangre que los ha atravesado hacia VCI; invertirlas confunde entrada y salida.","porta","APROBADO POR PROPIETARIO (alcance general del expediente)"
"circuito-producir","prompt","¿Qué vena se une a la VMS para formar la porta detrás del cuello pancreático?","porta","APROBADO POR PROPIETARIO (alcance general del expediente)"
"circuito-producir","feedback.explanation","La porta se forma por la unión de VMS y esplénica. La terminación de VMI es variable y no sustituye la descripción de las dos raíces principales.","porta","APROBADO POR PROPIETARIO (alcance general del expediente)"
"circuito-producir","feedback.commonError","Confundir la vena porta que entra al hígado con las venas hepáticas que salen de él hacia VCI.","porta","APROBADO POR PROPIETARIO (alcance general del expediente)"
"circuito-producir","modelAnswer","Vena esplénica","porta","APROBADO POR PROPIETARIO (alcance general del expediente)"
"circuito-producir","acceptedAnswer.0","vena esplénica","porta","APROBADO POR PROPIETARIO (alcance general del expediente)"
"circuito-producir","acceptedAnswer.1","esplénica","porta","APROBADO POR PROPIETARIO (alcance general del expediente)"
"circuito-producir","acceptedAnswer.2","vena esplenica","porta","APROBADO POR PROPIETARIO (alcance general del expediente)"
"circuito-producir","acceptedAnswer.3","esplenica","porta","APROBADO POR PROPIETARIO (alcance general del expediente)"
"circuito-elaborar","prompt","Explica por qué porta y venas hepáticas no son nombres intercambiables. Incluye su relación con los sinusoides y el destino final de la sangre portal.","porta","APROBADO POR PROPIETARIO (alcance general del expediente)"
"circuito-elaborar","feedback.explanation","La porta lleva sangre de tributarias digestivas y esplénicas hacia los sinusoides hepáticos. Después de atravesarlos, pasa por venas centrales/colectoras y sale por venas hepáticas a VCI. Una es entrada portal y las otras salida sistémica.","porta","APROBADO POR PROPIETARIO (alcance general del expediente)"
"circuito-elaborar","feedback.commonError","Confundir la vena porta que entra al hígado con las venas hepáticas que salen de él hacia VCI.","porta","APROBADO POR PROPIETARIO (alcance general del expediente)"
"circuito-elaborar","modelAnswer","La porta lleva sangre de tributarias digestivas y esplénicas hacia los sinusoides hepáticos. Después de atravesarlos, pasa por venas centrales/colectoras y sale por venas hepáticas a VCI. Una es entrada portal y las otras salida sistémica.","porta","APROBADO POR PROPIETARIO (alcance general del expediente)"
"circuito-elaborar","rubric.criterio-1.criterion","Ubica entrada","porta","APROBADO POR PROPIETARIO (alcance general del expediente)"
"circuito-elaborar","rubric.criterio-1.example","Porta y ramas intrahepáticas antes de sinusoides","porta","APROBADO POR PROPIETARIO (alcance general del expediente)"
"circuito-elaborar","rubric.criterio-2.criterion","Ubica salida","porta","APROBADO POR PROPIETARIO (alcance general del expediente)"
"circuito-elaborar","rubric.criterio-2.example","Venas hepáticas después de sinusoides y colectoras","porta","APROBADO POR PROPIETARIO (alcance general del expediente)"
"circuito-elaborar","rubric.criterio-3.criterion","Relaciona destino","porta","APROBADO POR PROPIETARIO (alcance general del expediente)"
"circuito-elaborar","rubric.criterio-3.example","Venas hepáticas → VCI","porta","APROBADO POR PROPIETARIO (alcance general del expediente)"
"circuito-aplicar","prompt","Se reconstruye el flujo después de una tributaria digestiva. ¿Qué orden conserva las estaciones principales?","porta","APROBADO POR PROPIETARIO (alcance general del expediente)"
"circuito-aplicar","feedback.explanation","Tras porta y ramas intrahepáticas, la sangre atraviesa sinusoides, centrales/colectoras y venas hepáticas antes de llegar a VCI. La VCI no precede al paso sinusoidal normal.","porta","APROBADO POR PROPIETARIO (alcance general del expediente)"
"circuito-aplicar","feedback.commonError","Confundir la vena porta que entra al hígado con las venas hepáticas que salen de él hacia VCI.","porta","APROBADO POR PROPIETARIO (alcance general del expediente)"
"circuito-aplicar","option.op-1.correct","Porta → sinusoides → colectoras → hepáticas → VCI","porta","APROBADO POR PROPIETARIO (alcance general del expediente)"
"circuito-aplicar","option.op-2.distractor","Hepáticas → porta → VCI → sinusoides","porta","APROBADO POR PROPIETARIO (alcance general del expediente)"
"circuito-aplicar","option.op-3.distractor","Porta → VCI → sinusoides → hepáticas","porta","APROBADO POR PROPIETARIO (alcance general del expediente)"
"circuito-aplicar","distractorFeedback.op-2","Tras porta y ramas intrahepáticas, la sangre atraviesa sinusoides, centrales/colectoras y venas hepáticas antes de llegar a VCI. La VCI no precede al paso sinusoidal normal.","porta","APROBADO POR PROPIETARIO (alcance general del expediente)"
"circuito-aplicar","distractorFeedback.op-3","Tras porta y ramas intrahepáticas, la sangre atraviesa sinusoides, centrales/colectoras y venas hepáticas antes de llegar a VCI. La VCI no precede al paso sinusoidal normal.","porta","APROBADO POR PROPIETARIO (alcance general del expediente)"
"circuito-comprobar","prompt","¿Qué dos redes capilares conecta el sistema porta hepático?","porta","APROBADO POR PROPIETARIO (alcance general del expediente)"
"circuito-comprobar","feedback.explanation","Un tronco venoso portal se interpone entre la primera red digestiva/esplénica y los sinusoides hepáticos. No conecta directamente riñón y pulmón ni consiste en una anastomosis arterial.","porta","APROBADO POR PROPIETARIO (alcance general del expediente)"
"circuito-comprobar","feedback.commonError","Confundir la vena porta que entra al hígado con las venas hepáticas que salen de él hacia VCI.","porta","APROBADO POR PROPIETARIO (alcance general del expediente)"
"circuito-comprobar","option.op-1.distractor","Capilares renales y pulmonares directamente","porta","APROBADO POR PROPIETARIO (alcance general del expediente)"
"circuito-comprobar","option.op-2.correct","Capilares digestivos/esplénicos y sinusoides hepáticos","porta","APROBADO POR PROPIETARIO (alcance general del expediente)"
"circuito-comprobar","option.op-3.distractor","Dos redes arteriales del colon sin venas interpuestas","porta","APROBADO POR PROPIETARIO (alcance general del expediente)"
"circuito-comprobar","distractorFeedback.op-1","Un tronco venoso portal se interpone entre la primera red digestiva/esplénica y los sinusoides hepáticos. No conecta directamente riñón y pulmón ni consiste en una anastomosis arterial.","porta","APROBADO POR PROPIETARIO (alcance general del expediente)"
"circuito-comprobar","distractorFeedback.op-3","Un tronco venoso portal se interpone entre la primera red digestiva/esplénica y los sinusoides hepáticos. No conecta directamente riñón y pulmón ni consiste en una anastomosis arterial.","porta","APROBADO POR PROPIETARIO (alcance general del expediente)"
"circuito-transferir","prompt","Una tabla sitúa «porta: posterior», «hepática propia: anterior izquierda» y «vía biliar: anterior derecha» dentro del ligamento hepatoduodenal. ¿Qué fila debe corregirse?","porta","APROBADO POR PROPIETARIO (alcance general del expediente)"
"circuito-transferir","feedback.explanation","Las tres relaciones corresponden a la tríada extrahepática descrita. La porta ocupa la posición posterior respecto de los otros dos componentes.","porta","APROBADO POR PROPIETARIO (alcance general del expediente)"
"circuito-transferir","feedback.commonError","Confundir la vena porta que entra al hígado con las venas hepáticas que salen de él hacia VCI.","porta","APROBADO POR PROPIETARIO (alcance general del expediente)"
"circuito-transferir","option.op-1.distractor","Porta","porta","APROBADO POR PROPIETARIO (alcance general del expediente)"
"circuito-transferir","option.op-2.distractor","Hepática propia","porta","APROBADO POR PROPIETARIO (alcance general del expediente)"
"circuito-transferir","option.op-3.correct","Ninguna","porta","APROBADO POR PROPIETARIO (alcance general del expediente)"
"circuito-transferir","distractorFeedback.op-1","Las tres relaciones corresponden a la tríada extrahepática descrita. La porta ocupa la posición posterior respecto de los otros dos componentes.","porta","APROBADO POR PROPIETARIO (alcance general del expediente)"
"circuito-transferir","distractorFeedback.op-2","Las tres relaciones corresponden a la tríada extrahepática descrita. La porta ocupa la posición posterior respecto de los otros dos componentes.","porta","APROBADO POR PROPIETARIO (alcance general del expediente)"
"circuito-remediar","prompt","Revisa la confusión y vuelve a comprobar con una pregunta diferente.","porta","APROBADO POR PROPIETARIO (alcance general del expediente)"
"circuito-remediar","feedback.explanation","Piensa en una entrada y una salida: porta entra; venas hepáticas salen. Entre ambas están sinusoides y colectores. La unión VMS–esplénica forma la entrada portal, no las venas hepáticas. Comprueba ahora qué son las dos redes capilares del sistema.","porta","APROBADO POR PROPIETARIO (alcance general del expediente)"
"circuito-remediar","feedback.commonError","Confundir la vena porta que entra al hígado con las venas hepáticas que salen de él hacia VCI.","porta","APROBADO POR PROPIETARIO (alcance general del expediente)"
"circuito-remediar","body","Piensa en una entrada y una salida: porta entra; venas hepáticas salen. Entre ambas están sinusoides y colectores. La unión VMS–esplénica forma la entrada portal, no las venas hepáticas. Comprueba ahora qué son las dos redes capilares del sistema.","porta","APROBADO POR PROPIETARIO (alcance general del expediente)"
"circuito-final","prompt","Un esquema del colon izquierdo dibuja VMI→VMS→porta y aclara que es una variante. ¿Es incompatible con la guía?","porta","APROBADO POR PROPIETARIO (alcance general del expediente)"
"circuito-final","feedback.explanation","La terminación de VMI es variable. El patrón frecuente es esplénica, pero VMS o confluencia portal también están descritos. No se debe convertir el patrón habitual en una regla absoluta.","porta","APROBADO POR PROPIETARIO (alcance general del expediente)"
"circuito-final","feedback.commonError","Confundir la vena porta que entra al hígado con las venas hepáticas que salen de él hacia VCI.","porta","APROBADO POR PROPIETARIO (alcance general del expediente)"
"circuito-final","option.op-1.correct","No: VMI suele ir a esplénica, pero puede terminar en VMS o confluencia","porta","APROBADO POR PROPIETARIO (alcance general del expediente)"
"circuito-final","option.op-2.distractor","Sí: VMI desemboca siempre en cava","porta","APROBADO POR PROPIETARIO (alcance general del expediente)"
"circuito-final","option.op-3.distractor","Sí: VMI jamás tiene variantes","porta","APROBADO POR PROPIETARIO (alcance general del expediente)"
"circuito-final","distractorFeedback.op-2","La terminación de VMI es variable. El patrón frecuente es esplénica, pero VMS o confluencia portal también están descritos. No se debe convertir el patrón habitual en una regla absoluta.","porta","APROBADO POR PROPIETARIO (alcance general del expediente)"
"circuito-final","distractorFeedback.op-3","La terminación de VMI es variable. El patrón frecuente es esplénica, pero VMS o confluencia portal también están descritos. No se debe convertir el patrón habitual en una regla absoluta.","porta","APROBADO POR PROPIETARIO (alcance general del expediente)"
"circuito-retention7","prompt","Un alumno describe la confluencia portal por delante del cuello pancreático. ¿Qué corrección topográfica necesita?","porta","APROBADO POR PROPIETARIO (alcance general del expediente)"
"circuito-retention7","feedback.explanation","VMS y esplénica se unen detrás del cuello del páncreas. El diafragma cava y el atrio corresponden a otro tramo de circulación.","porta","APROBADO POR PROPIETARIO (alcance general del expediente)"
"circuito-retention7","feedback.commonError","Confundir la vena porta que entra al hígado con las venas hepáticas que salen de él hacia VCI.","porta","APROBADO POR PROPIETARIO (alcance general del expediente)"
"circuito-retention7","option.op-1.distractor","Moverla al centro tendinoso del diafragma","porta","APROBADO POR PROPIETARIO (alcance general del expediente)"
"circuito-retention7","option.op-2.correct","Situarla detrás del cuello pancreático","porta","APROBADO POR PROPIETARIO (alcance general del expediente)"
"circuito-retention7","option.op-3.distractor","Colocarla dentro del atrio derecho","porta","APROBADO POR PROPIETARIO (alcance general del expediente)"
"circuito-retention7","distractorFeedback.op-1","VMS y esplénica se unen detrás del cuello del páncreas. El diafragma cava y el atrio corresponden a otro tramo de circulación.","porta","APROBADO POR PROPIETARIO (alcance general del expediente)"
"circuito-retention7","distractorFeedback.op-3","VMS y esplénica se unen detrás del cuello del páncreas. El diafragma cava y el atrio corresponden a otro tramo de circulación.","porta","APROBADO POR PROPIETARIO (alcance general del expediente)"
"circuito-retention30","prompt","En un repaso al mes, una flecha pasa de ramas portales intrahepáticas directamente a venas hepáticas y omite el lecho de intercambio. ¿Qué estación debe interponerse antes de centrales/colectoras?","porta","APROBADO POR PROPIETARIO (alcance general del expediente)"
"circuito-retention30","feedback.explanation","La sangre portal y arterial hepática confluyen en los sinusoides, de donde pasan a centrales y colectoras y después a venas hepáticas. Marginal y gonadal no pertenecen a esa estación.","porta","APROBADO POR PROPIETARIO (alcance general del expediente)"
"circuito-retention30","feedback.commonError","Confundir la vena porta que entra al hígado con las venas hepáticas que salen de él hacia VCI.","porta","APROBADO POR PROPIETARIO (alcance general del expediente)"
"circuito-retention30","option.op-1.distractor","Arteria marginal","porta","APROBADO POR PROPIETARIO (alcance general del expediente)"
"circuito-retention30","option.op-2.distractor","Vena gonadal","porta","APROBADO POR PROPIETARIO (alcance general del expediente)"
"circuito-retention30","option.op-3.correct","Sinusoides hepáticos","porta","APROBADO POR PROPIETARIO (alcance general del expediente)"
"circuito-retention30","distractorFeedback.op-1","La sangre portal y arterial hepática confluyen en los sinusoides, de donde pasan a centrales y colectoras y después a venas hepáticas. Marginal y gonadal no pertenecen a esa estación.","porta","APROBADO POR PROPIETARIO (alcance general del expediente)"
"circuito-retention30","distractorFeedback.op-2","La sangre portal y arterial hepática confluyen en los sinusoides, de donde pasan a centrales y colectoras y después a venas hepáticas. Marginal y gonadal no pertenecen a esa estación.","porta","APROBADO POR PROPIETARIO (alcance general del expediente)"
"puentes-explicar","prompt","Lee y reconstruye la relación anatómica.","colaterales","APROBADO POR PROPIETARIO (alcance general del expediente)"
"puentes-explicar","feedback.explanation","Las vías intercavas conectan territorios sistémicos de cava inferior y superior. Ejemplos: lumbares ascendentes–ácigos y vía superficial toracoepigástrica entre territorios axilar e ilíaco-femoral. Las portosistémicas conectan tributarias portales con venas sistémicas: gástrica izquierda–esofágicas ácigos; paraumbilicales–pared superficial; rectal superior (VMI)–rectales media/inferior (ilíaco/pudendo); cólicas–retroperitoneales/lumbares. El criterio es el sistema de cada extremo. La conexión rectal es real, pero la guía advierte diferencias entre textos y no permite interpretar automáticamente hemorroides como hipertensión portal.","colaterales","APROBADO POR PROPIETARIO (alcance general del expediente)"
"puentes-explicar","feedback.commonError","Clasificar una conexión sistémica–sistémica como portal por estar en el abdomen, o deducir hipertensión portal solo de hemorroides.","colaterales","APROBADO POR PROPIETARIO (alcance general del expediente)"
"puentes-explicar","body","Las vías intercavas conectan territorios sistémicos de cava inferior y superior. Ejemplos: lumbares ascendentes–ácigos y vía superficial toracoepigástrica entre territorios axilar e ilíaco-femoral. Las portosistémicas conectan tributarias portales con venas sistémicas: gástrica izquierda–esofágicas ácigos; paraumbilicales–pared superficial; rectal superior (VMI)–rectales media/inferior (ilíaco/pudendo); cólicas–retroperitoneales/lumbares. El criterio es el sistema de cada extremo. La conexión rectal es real, pero la guía advierte diferencias entre textos y no permite interpretar automáticamente hemorroides como hipertensión portal.","colaterales","APROBADO POR PROPIETARIO (alcance general del expediente)"
"puentes-ejemplo","prompt","Lee y reconstruye la relación anatómica.","colaterales","APROBADO POR PROPIETARIO (alcance general del expediente)"
"puentes-ejemplo","feedback.explanation","Ejemplo resuelto: gástrica izquierda pertenece al sistema portal; venas esofágicas hacia ácigos son sistémicas. La unión es portosistémica. En cambio lumbares ascendentes–ácigos une territorios de ambas cavas: es intercava aunque también sea una vía colateral abdominal.","colaterales","APROBADO POR PROPIETARIO (alcance general del expediente)"
"puentes-ejemplo","feedback.commonError","Clasificar una conexión sistémica–sistémica como portal por estar en el abdomen, o deducir hipertensión portal solo de hemorroides.","colaterales","APROBADO POR PROPIETARIO (alcance general del expediente)"
"puentes-ejemplo","body","Ejemplo resuelto: gástrica izquierda pertenece al sistema portal; venas esofágicas hacia ácigos son sistémicas. La unión es portosistémica. En cambio lumbares ascendentes–ácigos une territorios de ambas cavas: es intercava aunque también sea una vía colateral abdominal.","colaterales","APROBADO POR PROPIETARIO (alcance general del expediente)"
"puentes-parcial","prompt","Completa mentalmente el paso que falta y después comprueba tu razonamiento.","colaterales","APROBADO POR PROPIETARIO (alcance general del expediente)"
"puentes-parcial","feedback.explanation","Clasifica antes de mirar: vena rectal superior → comunicación con rectales media e inferior. El extremo superior drena por VMI al sistema ___; el inferior por sistema ilíaco/pudendo al sistema ___. Respuestas: portal y sistémico; la comunicación es portosistémica.","colaterales","APROBADO POR PROPIETARIO (alcance general del expediente)"
"puentes-parcial","feedback.commonError","Clasificar una conexión sistémica–sistémica como portal por estar en el abdomen, o deducir hipertensión portal solo de hemorroides.","colaterales","APROBADO POR PROPIETARIO (alcance general del expediente)"
"puentes-parcial","body","Clasifica antes de mirar: vena rectal superior → comunicación con rectales media e inferior. El extremo superior drena por VMI al sistema ___; el inferior por sistema ilíaco/pudendo al sistema ___. Respuestas: portal y sistémico; la comunicación es portosistémica.","colaterales","APROBADO POR PROPIETARIO (alcance general del expediente)"
"puentes-recuperar","prompt","¿Qué clasificación corresponde a lumbares ascendentes–sistema ácigos?","colaterales","APROBADO POR PROPIETARIO (alcance general del expediente)"
"puentes-recuperar","feedback.explanation","Las lumbares ascendentes y ácigos comunican territorios cava inferior/superior. No hay un extremo portal y no son arterias.","colaterales","APROBADO POR PROPIETARIO (alcance general del expediente)"
"puentes-recuperar","feedback.commonError","Clasificar una conexión sistémica–sistémica como portal por estar en el abdomen, o deducir hipertensión portal solo de hemorroides.","colaterales","APROBADO POR PROPIETARIO (alcance general del expediente)"
"puentes-recuperar","option.op-1.distractor","Portosistémica porque está en abdomen","colaterales","APROBADO POR PROPIETARIO (alcance general del expediente)"
"puentes-recuperar","option.op-2.correct","Intercava, con ambos extremos sistémicos","colaterales","APROBADO POR PROPIETARIO (alcance general del expediente)"
"puentes-recuperar","option.op-3.distractor","Anastomosis arterial mesentérica","colaterales","APROBADO POR PROPIETARIO (alcance general del expediente)"
"puentes-recuperar","distractorFeedback.op-1","Las lumbares ascendentes y ácigos comunican territorios cava inferior/superior. No hay un extremo portal y no son arterias.","colaterales","APROBADO POR PROPIETARIO (alcance general del expediente)"
"puentes-recuperar","distractorFeedback.op-3","Las lumbares ascendentes y ácigos comunican territorios cava inferior/superior. No hay un extremo portal y no son arterias.","colaterales","APROBADO POR PROPIETARIO (alcance general del expediente)"
"puentes-producir","prompt","¿Cómo se denomina una vía que comunica territorios de VCS y VCI y cuyos dos extremos son sistémicos?","colaterales","APROBADO POR PROPIETARIO (alcance general del expediente)"
"puentes-producir","feedback.explanation","Es intercava porque comunica ambos sistemas cava. Una vía portosistémica necesita un extremo portal.","colaterales","APROBADO POR PROPIETARIO (alcance general del expediente)"
"puentes-producir","feedback.commonError","Clasificar una conexión sistémica–sistémica como portal por estar en el abdomen, o deducir hipertensión portal solo de hemorroides.","colaterales","APROBADO POR PROPIETARIO (alcance general del expediente)"
"puentes-producir","modelAnswer","Intercava","colaterales","APROBADO POR PROPIETARIO (alcance general del expediente)"
"puentes-producir","acceptedAnswer.0","intercava","colaterales","APROBADO POR PROPIETARIO (alcance general del expediente)"
"puentes-producir","acceptedAnswer.1","vía intercava","colaterales","APROBADO POR PROPIETARIO (alcance general del expediente)"
"puentes-producir","acceptedAnswer.2","via intercava","colaterales","APROBADO POR PROPIETARIO (alcance general del expediente)"
"puentes-producir","acceptedAnswer.3","anastomosis intercava","colaterales","APROBADO POR PROPIETARIO (alcance general del expediente)"
"puentes-elaborar","prompt","Compara lumbares ascendentes–ácigos con gástrica izquierda–venas esofágicas. Justifica las dos clasificaciones por sus extremos, sin basarte solo en la localización abdominal.","colaterales","APROBADO POR PROPIETARIO (alcance general del expediente)"
"puentes-elaborar","feedback.explanation","Lumbares ascendentes–ácigos conecta dos territorios sistémicos asociados con las cavas, por eso es intercava. Gástrica izquierda–esofágicas ácigos conecta un extremo portal y uno sistémico, por eso es portosistémica. La localización por sí sola no define el tipo.","colaterales","APROBADO POR PROPIETARIO (alcance general del expediente)"
"puentes-elaborar","feedback.commonError","Clasificar una conexión sistémica–sistémica como portal por estar en el abdomen, o deducir hipertensión portal solo de hemorroides.","colaterales","APROBADO POR PROPIETARIO (alcance general del expediente)"
"puentes-elaborar","modelAnswer","Lumbares ascendentes–ácigos conecta dos territorios sistémicos asociados con las cavas, por eso es intercava. Gástrica izquierda–esofágicas ácigos conecta un extremo portal y uno sistémico, por eso es portosistémica. La localización por sí sola no define el tipo.","colaterales","APROBADO POR PROPIETARIO (alcance general del expediente)"
"puentes-elaborar","rubric.criterio-1.criterion","Clasifica intercava","colaterales","APROBADO POR PROPIETARIO (alcance general del expediente)"
"puentes-elaborar","rubric.criterio-1.example","Ambos extremos son sistémicos","colaterales","APROBADO POR PROPIETARIO (alcance general del expediente)"
"puentes-elaborar","rubric.criterio-2.criterion","Clasifica portosistémica","colaterales","APROBADO POR PROPIETARIO (alcance general del expediente)"
"puentes-elaborar","rubric.criterio-2.example","Un extremo gástrico portal y otro esofágico sistémico","colaterales","APROBADO POR PROPIETARIO (alcance general del expediente)"
"puentes-elaborar","rubric.criterio-3.criterion","Explicita criterio","colaterales","APROBADO POR PROPIETARIO (alcance general del expediente)"
"puentes-elaborar","rubric.criterio-3.example","Clasificar por destino de cada extremo","colaterales","APROBADO POR PROPIETARIO (alcance general del expediente)"
"puentes-aplicar","prompt","Un esquema sigue una colateral desde gástrica izquierda hasta venas esofágicas que drenan al sistema ácigos. ¿Cuál es la interpretación?","colaterales","APROBADO POR PROPIETARIO (alcance general del expediente)"
"puentes-aplicar","feedback.explanation","La gástrica izquierda pertenece al sistema portal; el drenaje esofágico ácigos es sistémico. La unión es venosa portosistémica, distinta de puentes arteriales e intercavas.","colaterales","APROBADO POR PROPIETARIO (alcance general del expediente)"
"puentes-aplicar","feedback.commonError","Clasificar una conexión sistémica–sistémica como portal por estar en el abdomen, o deducir hipertensión portal solo de hemorroides.","colaterales","APROBADO POR PROPIETARIO (alcance general del expediente)"
"puentes-aplicar","option.op-1.correct","Portosistémica: gástrica portal y esofágicas sistémicas","colaterales","APROBADO POR PROPIETARIO (alcance general del expediente)"
"puentes-aplicar","option.op-2.distractor","Intercava: ambos extremos renales","colaterales","APROBADO POR PROPIETARIO (alcance general del expediente)"
"puentes-aplicar","option.op-3.distractor","Arterial: une celíaco y AMS","colaterales","APROBADO POR PROPIETARIO (alcance general del expediente)"
"puentes-aplicar","distractorFeedback.op-2","La gástrica izquierda pertenece al sistema portal; el drenaje esofágico ácigos es sistémico. La unión es venosa portosistémica, distinta de puentes arteriales e intercavas.","colaterales","APROBADO POR PROPIETARIO (alcance general del expediente)"
"puentes-aplicar","distractorFeedback.op-3","La gástrica izquierda pertenece al sistema portal; el drenaje esofágico ácigos es sistémico. La unión es venosa portosistémica, distinta de puentes arteriales e intercavas.","colaterales","APROBADO POR PROPIETARIO (alcance general del expediente)"
"puentes-comprobar","prompt","¿Qué combinación describe la comunicación rectal portosistémica?","colaterales","APROBADO POR PROPIETARIO (alcance general del expediente)"
"puentes-comprobar","feedback.explanation","La rectal superior continúa hacia VMI y sistema portal. Las rectales media e inferior drenan hacia los sistemas ilíaco interno y pudendo; esa diferencia crea el puente.","colaterales","APROBADO POR PROPIETARIO (alcance general del expediente)"
"puentes-comprobar","feedback.commonError","Clasificar una conexión sistémica–sistémica como portal por estar en el abdomen, o deducir hipertensión portal solo de hemorroides.","colaterales","APROBADO POR PROPIETARIO (alcance general del expediente)"
"puentes-comprobar","option.op-1.distractor","Rectal superior sistémica con rectal inferior portal","colaterales","APROBADO POR PROPIETARIO (alcance general del expediente)"
"puentes-comprobar","option.op-2.distractor","Todas las rectales son exclusivamente porta","colaterales","APROBADO POR PROPIETARIO (alcance general del expediente)"
"puentes-comprobar","option.op-3.correct","Rectal superior por VMI con rectales media/inferior sistémicas","colaterales","APROBADO POR PROPIETARIO (alcance general del expediente)"
"puentes-comprobar","distractorFeedback.op-1","La rectal superior continúa hacia VMI y sistema portal. Las rectales media e inferior drenan hacia los sistemas ilíaco interno y pudendo; esa diferencia crea el puente.","colaterales","APROBADO POR PROPIETARIO (alcance general del expediente)"
"puentes-comprobar","distractorFeedback.op-2","La rectal superior continúa hacia VMI y sistema portal. Las rectales media e inferior drenan hacia los sistemas ilíaco interno y pudendo; esa diferencia crea el puente.","colaterales","APROBADO POR PROPIETARIO (alcance general del expediente)"
"puentes-transferir","prompt","Tabla de clasificación: «toracoepigástrica axilar–ilíaco-femoral: intercava»; «paraumbilical–epigástrica superficial: portosistémica». ¿Cuál es correcta?","colaterales","APROBADO POR PROPIETARIO (alcance general del expediente)"
"puentes-transferir","feedback.explanation","La vía toracoepigástrica descrita conecta territorios sistémicos de ambas cavas. La paraumbilical conecta un extremo portal con venas sistémicas superficiales.","colaterales","APROBADO POR PROPIETARIO (alcance general del expediente)"
"puentes-transferir","feedback.commonError","Clasificar una conexión sistémica–sistémica como portal por estar en el abdomen, o deducir hipertensión portal solo de hemorroides.","colaterales","APROBADO POR PROPIETARIO (alcance general del expediente)"
"puentes-transferir","option.op-1.distractor","Solo la primera","colaterales","APROBADO POR PROPIETARIO (alcance general del expediente)"
"puentes-transferir","option.op-2.correct","Ambas","colaterales","APROBADO POR PROPIETARIO (alcance general del expediente)"
"puentes-transferir","option.op-3.distractor","Solo la segunda","colaterales","APROBADO POR PROPIETARIO (alcance general del expediente)"
"puentes-transferir","distractorFeedback.op-1","La vía toracoepigástrica descrita conecta territorios sistémicos de ambas cavas. La paraumbilical conecta un extremo portal con venas sistémicas superficiales.","colaterales","APROBADO POR PROPIETARIO (alcance general del expediente)"
"puentes-transferir","distractorFeedback.op-3","La vía toracoepigástrica descrita conecta territorios sistémicos de ambas cavas. La paraumbilical conecta un extremo portal con venas sistémicas superficiales.","colaterales","APROBADO POR PROPIETARIO (alcance general del expediente)"
"puentes-remediar","prompt","Revisa la confusión y vuelve a comprobar con una pregunta diferente.","colaterales","APROBADO POR PROPIETARIO (alcance general del expediente)"
"puentes-remediar","feedback.explanation","Sigue cada extremo hasta su sistema. Abdomen no equivale a porta: lumbares ascendentes y ácigos conectan cavas. La rectal superior pertenece a VMI/porta, mientras media e inferior llegan a circulación ilíaca/pudenda. Anatomía rectal no convierte una hemorroide aislada en prueba de hipertensión portal.","colaterales","APROBADO POR PROPIETARIO (alcance general del expediente)"
"puentes-remediar","feedback.commonError","Clasificar una conexión sistémica–sistémica como portal por estar en el abdomen, o deducir hipertensión portal solo de hemorroides.","colaterales","APROBADO POR PROPIETARIO (alcance general del expediente)"
"puentes-remediar","body","Sigue cada extremo hasta su sistema. Abdomen no equivale a porta: lumbares ascendentes y ácigos conectan cavas. La rectal superior pertenece a VMI/porta, mientras media e inferior llegan a circulación ilíaca/pudenda. Anatomía rectal no convierte una hemorroide aislada en prueba de hipertensión portal.","colaterales","APROBADO POR PROPIETARIO (alcance general del expediente)"
"puentes-final","prompt","Se describe una conexión de venas cólicas con venas lumbares retroperitoneales. ¿Cómo se clasifica por sus extremos?","colaterales","APROBADO POR PROPIETARIO (alcance general del expediente)"
"puentes-final","feedback.explanation","El extremo cólico pertenece al retorno visceral portal y el lumbar al sistema sistémico. Es una comunicación retroperitoneal portosistémica, no una anastomosis arterial.","colaterales","APROBADO POR PROPIETARIO (alcance general del expediente)"
"puentes-final","feedback.commonError","Clasificar una conexión sistémica–sistémica como portal por estar en el abdomen, o deducir hipertensión portal solo de hemorroides.","colaterales","APROBADO POR PROPIETARIO (alcance general del expediente)"
"puentes-final","option.op-1.correct","Portosistémica","colaterales","APROBADO POR PROPIETARIO (alcance general del expediente)"
"puentes-final","option.op-2.distractor","Arterial celíaco–AMS","colaterales","APROBADO POR PROPIETARIO (alcance general del expediente)"
"puentes-final","option.op-3.distractor","Intercava exclusivamente, sin participación portal","colaterales","APROBADO POR PROPIETARIO (alcance general del expediente)"
"puentes-final","distractorFeedback.op-2","El extremo cólico pertenece al retorno visceral portal y el lumbar al sistema sistémico. Es una comunicación retroperitoneal portosistémica, no una anastomosis arterial.","colaterales","APROBADO POR PROPIETARIO (alcance general del expediente)"
"puentes-final","distractorFeedback.op-3","El extremo cólico pertenece al retorno visceral portal y el lumbar al sistema sistémico. Es una comunicación retroperitoneal portosistémica, no una anastomosis arterial.","colaterales","APROBADO POR PROPIETARIO (alcance general del expediente)"
"puentes-retention7","prompt","Una nota de repaso concluye «hemorroides aisladas = hipertensión portal». ¿Qué corrección conserva la advertencia de la fuente?","colaterales","APROBADO POR PROPIETARIO (alcance general del expediente)"
"puentes-retention7","feedback.explanation","La guía distingue la conexión anatómica de la inferencia clínica y señala diferencias entre textos. No permite deducir automáticamente hipertensión portal por hemorroides ni indicar tratamiento a partir de esa observación.","colaterales","APROBADO POR PROPIETARIO (alcance general del expediente)"
"puentes-retention7","feedback.commonError","Clasificar una conexión sistémica–sistémica como portal por estar en el abdomen, o deducir hipertensión portal solo de hemorroides.","colaterales","APROBADO POR PROPIETARIO (alcance general del expediente)"
"puentes-retention7","option.op-1.distractor","No existen comunicaciones rectales","colaterales","APROBADO POR PROPIETARIO (alcance general del expediente)"
"puentes-retention7","option.op-2.distractor","Todas las hemorroides exigen una derivación portal","colaterales","APROBADO POR PROPIETARIO (alcance general del expediente)"
"puentes-retention7","option.op-3.correct","Existe la conexión rectal, pero hemorroides no prueban automáticamente hipertensión portal","colaterales","APROBADO POR PROPIETARIO (alcance general del expediente)"
"puentes-retention7","distractorFeedback.op-1","La guía distingue la conexión anatómica de la inferencia clínica y señala diferencias entre textos. No permite deducir automáticamente hipertensión portal por hemorroides ni indicar tratamiento a partir de esa observación.","colaterales","APROBADO POR PROPIETARIO (alcance general del expediente)"
"puentes-retention7","distractorFeedback.op-2","La guía distingue la conexión anatómica de la inferencia clínica y señala diferencias entre textos. No permite deducir automáticamente hipertensión portal por hemorroides ni indicar tratamiento a partir de esa observación.","colaterales","APROBADO POR PROPIETARIO (alcance general del expediente)"
"puentes-retention30","prompt","Ante una obstrucción importante de VCI, se estudia una vía alternativa profunda hacia VCS. ¿Cuál recorrido responde a esa función anatómica?","colaterales","APROBADO POR PROPIETARIO (alcance general del expediente)"
"puentes-retention30","feedback.explanation","Lumbares ascendentes–ácigos constituye una vía intercava profunda. Porta–arteria hepática mezcla sistemas distintos; marginal–AMI es una conexión arterial.","colaterales","APROBADO POR PROPIETARIO (alcance general del expediente)"
"puentes-retention30","feedback.commonError","Clasificar una conexión sistémica–sistémica como portal por estar en el abdomen, o deducir hipertensión portal solo de hemorroides.","colaterales","APROBADO POR PROPIETARIO (alcance general del expediente)"
"puentes-retention30","option.op-1.distractor","Porta → arteria hepática","colaterales","APROBADO POR PROPIETARIO (alcance general del expediente)"
"puentes-retention30","option.op-2.correct","Lumbares ascendentes → sistema ácigos","colaterales","APROBADO POR PROPIETARIO (alcance general del expediente)"
"puentes-retention30","option.op-3.distractor","Arteria marginal → AMI","colaterales","APROBADO POR PROPIETARIO (alcance general del expediente)"
"puentes-retention30","distractorFeedback.op-1","Lumbares ascendentes–ácigos constituye una vía intercava profunda. Porta–arteria hepática mezcla sistemas distintos; marginal–AMI es una conexión arterial.","colaterales","APROBADO POR PROPIETARIO (alcance general del expediente)"
"puentes-retention30","distractorFeedback.op-3","Lumbares ascendentes–ácigos constituye una vía intercava profunda. Porta–arteria hepática mezcla sistemas distintos; marginal–AMI es una conexión arterial.","colaterales","APROBADO POR PROPIETARIO (alcance general del expediente)"
"territorios-diagnostico-1","prompt","Sin estudiar aún la ruta: ¿qué tronco suele originar gástrica izquierda, hepática común y esplénica?","arterias","APROBADO POR PROPIETARIO (alcance general del expediente)"
"territorios-diagnostico-1","feedback.explanation","Las tres ramas forman el patrón frecuente del celíaco. Este diagnóstico orienta el estudio; no concede dominio definitivo.","arterias","APROBADO POR PROPIETARIO (alcance general del expediente)"
"territorios-diagnostico-1","feedback.commonError","Confundir el territorio de la AMS con el de la AMI o considerar aislados los territorios digestivos.","arterias","APROBADO POR PROPIETARIO (alcance general del expediente)"
"territorios-diagnostico-1","option.op-1.correct","Tronco celíaco","arterias","APROBADO POR PROPIETARIO (alcance general del expediente)"
"territorios-diagnostico-1","option.op-2.distractor","AMI","arterias","APROBADO POR PROPIETARIO (alcance general del expediente)"
"territorios-diagnostico-1","option.op-3.distractor","Arteria renal","arterias","APROBADO POR PROPIETARIO (alcance general del expediente)"
"territorios-diagnostico-1","distractorFeedback.op-2","Las tres ramas forman el patrón frecuente del celíaco. Este diagnóstico orienta el estudio; no concede dominio definitivo.","arterias","APROBADO POR PROPIETARIO (alcance general del expediente)"
"territorios-diagnostico-1","distractorFeedback.op-3","Las tres ramas forman el patrón frecuente del celíaco. Este diagnóstico orienta el estudio; no concede dominio definitivo.","arterias","APROBADO POR PROPIETARIO (alcance general del expediente)"
"retorno-diagnostico-2","prompt","¿A qué gran sistema venoso se dirige normalmente la sangre de las venas renales?","cava","APROBADO POR PROPIETARIO (alcance general del expediente)"
"retorno-diagnostico-2","feedback.explanation","Las venas renales desembocan en cava inferior. El ítem es de orientación inicial, no sustituye la comprobación de la unidad.","cava","APROBADO POR PROPIETARIO (alcance general del expediente)"
"retorno-diagnostico-2","feedback.commonError","Suponer que las venas gonadales y suprarrenales izquierdas desembocan directamente en VCI como las derechas.","cava","APROBADO POR PROPIETARIO (alcance general del expediente)"
"retorno-diagnostico-2","option.op-1.distractor","Porta antes del hígado","cava","APROBADO POR PROPIETARIO (alcance general del expediente)"
"retorno-diagnostico-2","option.op-2.correct","Cava inferior","cava","APROBADO POR PROPIETARIO (alcance general del expediente)"
"retorno-diagnostico-2","option.op-3.distractor","Mesentérico inferior","cava","APROBADO POR PROPIETARIO (alcance general del expediente)"
"retorno-diagnostico-2","distractorFeedback.op-1","Las venas renales desembocan en cava inferior. El ítem es de orientación inicial, no sustituye la comprobación de la unidad.","cava","APROBADO POR PROPIETARIO (alcance general del expediente)"
"retorno-diagnostico-2","distractorFeedback.op-3","Las venas renales desembocan en cava inferior. El ítem es de orientación inicial, no sustituye la comprobación de la unidad.","cava","APROBADO POR PROPIETARIO (alcance general del expediente)"
"circuito-diagnostico-3","prompt","¿En qué órgano atraviesa la segunda red capilar la sangre del sistema porta hepático?","porta","APROBADO POR PROPIETARIO (alcance general del expediente)"
"circuito-diagnostico-3","feedback.explanation","La segunda red corresponde a sinusoides hepáticos. El resultado sirve para orientar el recorrido inicial.","porta","APROBADO POR PROPIETARIO (alcance general del expediente)"
"circuito-diagnostico-3","feedback.commonError","Confundir la vena porta que entra al hígado con las venas hepáticas que salen de él hacia VCI.","porta","APROBADO POR PROPIETARIO (alcance general del expediente)"
"circuito-diagnostico-3","option.op-1.distractor","Riñón","porta","APROBADO POR PROPIETARIO (alcance general del expediente)"
"circuito-diagnostico-3","option.op-2.distractor","Bazo","porta","APROBADO POR PROPIETARIO (alcance general del expediente)"
"circuito-diagnostico-3","option.op-3.correct","Hígado","porta","APROBADO POR PROPIETARIO (alcance general del expediente)"
"circuito-diagnostico-3","distractorFeedback.op-1","La segunda red corresponde a sinusoides hepáticos. El resultado sirve para orientar el recorrido inicial.","porta","APROBADO POR PROPIETARIO (alcance general del expediente)"
"circuito-diagnostico-3","distractorFeedback.op-2","La segunda red corresponde a sinusoides hepáticos. El resultado sirve para orientar el recorrido inicial.","porta","APROBADO POR PROPIETARIO (alcance general del expediente)"
"circuito-diagnostico-4","prompt","¿Cuál de estas venas pertenece a las raíces principales de la porta?","porta","APROBADO POR PROPIETARIO (alcance general del expediente)"
"circuito-diagnostico-4","feedback.explanation","VMS se une a esplénica para formar porta. Hepática media es salida del hígado y gonadal derecha pertenece al retorno sistémico.","porta","APROBADO POR PROPIETARIO (alcance general del expediente)"
"circuito-diagnostico-4","feedback.commonError","Confundir la vena porta que entra al hígado con las venas hepáticas que salen de él hacia VCI.","porta","APROBADO POR PROPIETARIO (alcance general del expediente)"
"circuito-diagnostico-4","option.op-1.correct","Mesentérica superior","porta","APROBADO POR PROPIETARIO (alcance general del expediente)"
"circuito-diagnostico-4","option.op-2.distractor","Hepática media","porta","APROBADO POR PROPIETARIO (alcance general del expediente)"
"circuito-diagnostico-4","option.op-3.distractor","Gonadal derecha","porta","APROBADO POR PROPIETARIO (alcance general del expediente)"
"circuito-diagnostico-4","distractorFeedback.op-2","VMS se une a esplénica para formar porta. Hepática media es salida del hígado y gonadal derecha pertenece al retorno sistémico.","porta","APROBADO POR PROPIETARIO (alcance general del expediente)"
"circuito-diagnostico-4","distractorFeedback.op-3","VMS se une a esplénica para formar porta. Hepática media es salida del hígado y gonadal derecha pertenece al retorno sistémico.","porta","APROBADO POR PROPIETARIO (alcance general del expediente)"
"puentes-caso-integrado","prompt","Caso anatómico integrado: sigue un vaso y clasifica la comunicación. No deduzcas un diagnóstico ni un tratamiento.","colaterales","APROBADO POR PROPIETARIO (alcance general del expediente)"
"puentes-caso-integrado","feedback.explanation","El caso integra entrada portal, salida sistémica y criterio de clasificación por extremos.","colaterales","APROBADO POR PROPIETARIO (alcance general del expediente)"
"puentes-caso-integrado","feedback.commonError","Clasificar una conexión sistémica–sistémica como portal por estar en el abdomen, o deducir hipertensión portal solo de hemorroides.","colaterales","APROBADO POR PROPIETARIO (alcance general del expediente)"
"puentes-caso-integrado","stage.etapa-1.narrative","Un esquema de una colateral paraumbilical muestra continuidad con la rama izquierda de porta por la región del ligamento redondo.","colaterales","APROBADO POR PROPIETARIO (alcance general del expediente)"
"puentes-caso-integrado","stage.etapa-2.narrative","Se añade el extremo de venas superficiales epigástricas de la pared abdominal al esquema anterior.","colaterales","APROBADO POR PROPIETARIO (alcance general del expediente)"
"puentes-caso-integrado-etapa-1","prompt","En esta primera etapa, ¿a qué sistema pertenece el extremo paraumbilical?","colaterales","APROBADO POR PROPIETARIO (alcance general del expediente)"
"puentes-caso-integrado-etapa-1","feedback.explanation","Las venas paraumbilicales se relacionan con la rama izquierda de porta. Este extremo es portal.","colaterales","APROBADO POR PROPIETARIO (alcance general del expediente)"
"puentes-caso-integrado-etapa-1","feedback.commonError","Clasificar una conexión sistémica–sistémica como portal por estar en el abdomen, o deducir hipertensión portal solo de hemorroides.","colaterales","APROBADO POR PROPIETARIO (alcance general del expediente)"
"puentes-caso-integrado-etapa-1","option.op-1.correct","Portal","colaterales","APROBADO POR PROPIETARIO (alcance general del expediente)"
"puentes-caso-integrado-etapa-1","option.op-2.distractor","Arterial","colaterales","APROBADO POR PROPIETARIO (alcance general del expediente)"
"puentes-caso-integrado-etapa-1","option.op-3.distractor","Cava exclusivamente","colaterales","APROBADO POR PROPIETARIO (alcance general del expediente)"
"puentes-caso-integrado-etapa-1","distractorFeedback.op-2","Las venas paraumbilicales se relacionan con la rama izquierda de porta. Este extremo es portal.","colaterales","APROBADO POR PROPIETARIO (alcance general del expediente)"
"puentes-caso-integrado-etapa-1","distractorFeedback.op-3","Las venas paraumbilicales se relacionan con la rama izquierda de porta. Este extremo es portal.","colaterales","APROBADO POR PROPIETARIO (alcance general del expediente)"
"puentes-caso-integrado-etapa-2","prompt","Al conectar ambos extremos, ¿qué clasificación y fundamento corresponden?","colaterales","APROBADO POR PROPIETARIO (alcance general del expediente)"
"puentes-caso-integrado-etapa-2","feedback.explanation","El extremo paraumbilical es portal y el superficial de pared es sistémico. La comunicación es portosistémica; la localización sola no determina su clasificación.","colaterales","APROBADO POR PROPIETARIO (alcance general del expediente)"
"puentes-caso-integrado-etapa-2","feedback.commonError","Clasificar una conexión sistémica–sistémica como portal por estar en el abdomen, o deducir hipertensión portal solo de hemorroides.","colaterales","APROBADO POR PROPIETARIO (alcance general del expediente)"
"puentes-caso-integrado-etapa-2","option.op-1.distractor","Intercava porque ambos extremos son sistémicos","colaterales","APROBADO POR PROPIETARIO (alcance general del expediente)"
"puentes-caso-integrado-etapa-2","option.op-2.correct","Portosistémica porque une portal y sistémico","colaterales","APROBADO POR PROPIETARIO (alcance general del expediente)"
"puentes-caso-integrado-etapa-2","option.op-3.distractor","Arterial porque está cerca del ombligo","colaterales","APROBADO POR PROPIETARIO (alcance general del expediente)"
"puentes-caso-integrado-etapa-2","distractorFeedback.op-1","El extremo paraumbilical es portal y el superficial de pared es sistémico. La comunicación es portosistémica; la localización sola no determina su clasificación.","colaterales","APROBADO POR PROPIETARIO (alcance general del expediente)"
"puentes-caso-integrado-etapa-2","distractorFeedback.op-3","El extremo paraumbilical es portal y el superficial de pared es sistémico. La comunicación es portosistémica; la localización sola no determina su clasificación.","colaterales","APROBADO POR PROPIETARIO (alcance general del expediente)"
